##CADD GRCh37-v1.6 (c) University of Washington, Hudson-Alpha Institute for Biotechnology and Berlin Institute of Health 2013-2020. All rights reserved.
#Chrom	Pos	Ref	Alt	Type	Length	AnnoType	Consequence	ConsScore	ConsDetail	GC	CpG	motifECount	motifEName	motifEHIPos	motifEScoreChng	oAA	nAA	GeneID	FeatureID	GeneName	CCDS	Intron	Exon	cDNApos	relcDNApos	CDSpos	relCDSpos	protPos	relProtPos	Domain	Dst2Splice	Dst2SplType	minDistTSS	minDistTSE	SIFTcat	SIFTval	PolyPhenCat	PolyPhenVal	priPhCons	mamPhCons	verPhCons	priPhyloP	mamPhyloP	verPhyloP	bStatistic	targetScan	mirSVR-Score	mirSVR-E	mirSVR-Aln	cHmmTssA	cHmmTssAFlnk	cHmmTxFlnk	cHmmTx	cHmmTxWk	cHmmEnhG	cHmmEnh	cHmmZnfRpts	cHmmHet	cHmmTssBiv	cHmmBivFlnk	cHmmEnhBiv	cHmmReprPC	cHmmReprPCWk	cHmmQuies	GerpRS	GerpRSpval	GerpN	GerpS	TFBS	TFBSPeaks	TFBSPeaksMax	tOverlapMotifs	motifDist	Segway	EncH3K27Ac	EncH3K4Me1	EncH3K4Me3	EncExp	EncNucleo	EncOCC	EncOCCombPVal	EncOCDNasePVal	EncOCFairePVal	EncOCpolIIPVal	EncOCctcfPVal	EncOCmycPVal	EncOCDNaseSig	EncOCFaireSig	EncOCpolIISig	EncOCctcfSig	EncOCmycSig	Grantham	SpliceAI-acc-gain	SpliceAI-acc-loss	SpliceAI-don-gain	SpliceAI-don-loss	MMSp_acceptorIntron	MMSp_acceptor	MMSp_exon	MMSp_donor	MMSp_donorIntron	Dist2Mutation	Freq100bp	Rare100bp	Sngl100bp	Freq1000bp	Rare1000bp	Sngl1000bp	Freq10000bp	Rare10000bp	Sngl10000bp	dbscSNV-ada_score	dbscSNV-rf_score	RawScore	PHRED
1	10001	T	A	SNV	0	Intergenic	DOWNSTREAM	1	downstream	0.449	0.01	1	ENSM00529079543	0	-0.09	NA	NA	ENSG00000227232	ENST00000438504	WASH7P	NA	NA	NA	NA	NA	NA	NA	NA	NA	NA	NA	NA	1869	3670	NA	NA	NA	NA	NA	NA	NA	NA	NA	NA	994	NA	NA	NA	NA	0.008	0	0	0	0.016	0	0.024	0.087	0.472	0	0	0	0	0	0.394	NA	NA	0	0	NA	NA	NA	NA	NA	GM1	10.04	2.84	8	NA	NA	NA	NA	NA	NA	NA	NA	NA	NA	NA	NA	NA	NA	NA	NA	NA	NA	NA	NA	NA	NA	NA	NA	2773	NA	NA	NA	NA	NA	NA	3	2	32	NA	NA	0.088260	4.066
1	10001	T	A	SNV	0	Intergenic	UPSTREAM	1	upstream	0.449	0.01	1	ENSM00529079543	0	-0.09	NA	NA	ENSG00000223972	ENST00000456328	DDX11L1	NA	NA	NA	NA	NA	NA	NA	NA	NA	NA	NA	NA	1869	3670	NA	NA	NA	NA	NA	NA	NA	NA	NA	NA	994	NA	NA	NA	NA	0.008	0	0	0	0.016	0	0.024	0.087	0.472	0	0	0	0	0	0.394	NA	NA	0	0	NA	NA	NA	NA	NA	GM1	10.04	2.84	8	NA	NA	NA	NA	NA	NA	NA	NA	NA	NA	NA	NA	NA	NA	NA	NA	NA	NA	NA	NA	NA	NA	NA	NA	2773	NA	NA	NA	NA	NA	NA	3	2	32	NA	NA	0.088260	4.066
1	10001	T	A	SNV	0	RegulatoryFeature	REGULATORY	4	regulatory	0.449	0.01	1	ENSM00529079543	0	-0.09	NA	NA	NA	ENSR00000344266	NA	NA	NA	NA	NA	NA	NA	NA	NA	NA	NA	NA	NA	1869	3670	NA	NA	NA	NA	NA	NA	NA	NA	NA	NA	994	NA	NA	NA	NA	0.008	0	0	0	0.016	0	0.024	0.087	0.472	0	0	0	0	0	0.394	NA	NA	0	0	NA	NA	NA	NA	NA	GM1	10.04	2.84	8	NA	NA	NA	NA	NA	NA	NA	NA	NA	NA	NA	NA	NA	NA	NA	NA	NA	NA	NA	NA	NA	NA	NA	NA	2773	NA	NA	NA	NA	NA	NA	3	2	32	NA	NA	0.088260	4.066
1	10001	T	TC	INS	1	Intergenic	DOWNSTREAM	1	downstream	0.449	0.01	1	ENSM00529079543	0	NA	NA	NA	ENSG00000227232	ENST00000438504	WASH7P	NA	NA	NA	NA	NA	NA	NA	NA	NA	NA	NA	NA	1869	3670	NA	NA	NA	NA	NA	NA	NA	NA	NA	NA	994	NA	NA	NA	NA	0.008	0	0	0	0.016	0	0.024	0.087	0.472	0	0	0	0	0	0.394	NA	NA	0	0	NA	NA	NA	NA	NA	GM1	10.04	2.84	8	NA	NA	NA	NA	NA	NA	NA	NA	NA	NA	NA	NA	NA	NA	NA	NA	NA	NA	NA	NA	NA	NA	NA	NA	2773	NA	NA	NA	NA	NA	NA	3	2	32	NA	NA	-0.115832	1.266
1	10001	T	TC	INS	1	Intergenic	UPSTREAM	1	upstream	0.449	0.01	1	ENSM00529079543	0	NA	NA	NA	ENSG00000223972	ENST00000456328	DDX11L1	NA	NA	NA	NA	NA	NA	NA	NA	NA	NA	NA	NA	1869	3670	NA	NA	NA	NA	NA	NA	NA	NA	NA	NA	994	NA	NA	NA	NA	0.008	0	0	0	0.016	0	0.024	0.087	0.472	0	0	0	0	0	0.394	NA	NA	0	0	NA	NA	NA	NA	NA	GM1	10.04	2.84	8	NA	NA	NA	NA	NA	NA	NA	NA	NA	NA	NA	NA	NA	NA	NA	NA	NA	NA	NA	NA	NA	NA	NA	NA	2773	NA	NA	NA	NA	NA	NA	3	2	32	NA	NA	-0.115832	1.266
1	10001	T	TC	INS	1	RegulatoryFeature	REGULATORY	4	regulatory	0.449	0.01	1	ENSM00529079543	0	NA	NA	NA	NA	ENSR00000344266	NA	NA	NA	NA	NA	NA	NA	NA	NA	NA	NA	NA	NA	1869	3670	NA	NA	NA	NA	NA	NA	NA	NA	NA	NA	994	NA	NA	NA	NA	0.008	0	0	0	0.016	0	0.024	0.087	0.472	0	0	0	0	0	0.394	NA	NA	0	0	NA	NA	NA	NA	NA	GM1	10.04	2.84	8	NA	NA	NA	NA	NA	NA	NA	NA	NA	NA	NA	NA	NA	NA	NA	NA	NA	NA	NA	NA	NA	NA	NA	NA	2773	NA	NA	NA	NA	NA	NA	3	2	32	NA	NA	-0.115832	1.266
1	10008	A	AA	INS	1	Intergenic	DOWNSTREAM	1	downstream	0.456	0.009	1	ENSM00529079543	0	NA	NA	NA	ENSG00000227232	ENST00000438504	WASH7P	NA	NA	NA	NA	NA	NA	NA	NA	NA	NA	NA	NA	1862	3663	NA	NA	NA	NA	NA	NA	NA	NA	NA	NA	994	NA	NA	NA	NA	0.008	0	0	0	0.016	0	0.024	0.087	0.472	0	0	0	0	0	0.394	NA	NA	0	0	NA	NA	NA	NA	NA	GM1	10.04	2.84	8	NA	NA	NA	NA	NA	NA	NA	NA	NA	NA	NA	NA	NA	NA	NA	NA	NA	NA	NA	NA	NA	NA	NA	NA	2773	NA	NA	NA	NA	NA	NA	3	2	32	NA	NA	-0.115793	1.266
1	10008	A	AA	INS	1	Intergenic	UPSTREAM	1	upstream	0.456	0.009	1	ENSM00529079543	0	NA	NA	NA	ENSG00000223972	ENST00000456328	DDX11L1	NA	NA	NA	NA	NA	NA	NA	NA	NA	NA	NA	NA	1862	3663	NA	NA	NA	NA	NA	NA	NA	NA	NA	NA	994	NA	NA	NA	NA	0.008	0	0	0	0.016	0	0.024	0.087	0.472	0	0	0	0	0	0.394	NA	NA	0	0	NA	NA	NA	NA	NA	GM1	10.04	2.84	8	NA	NA	NA	NA	NA	NA	NA	NA	NA	NA	NA	NA	NA	NA	NA	NA	NA	NA	NA	NA	NA	NA	NA	NA	2773	NA	NA	NA	NA	NA	NA	3	2	32	NA	NA	-0.115793	1.266
1	10008	A	AA	INS	1	RegulatoryFeature	REGULATORY	4	regulatory	0.456	0.009	1	ENSM00529079543	0	NA	NA	NA	NA	ENSR00000344266	NA	NA	NA	NA	NA	NA	NA	NA	NA	NA	NA	NA	NA	1862	3663	NA	NA	NA	NA	NA	NA	NA	NA	NA	NA	994	NA	NA	NA	NA	0.008	0	0	0	0.016	0	0.024	0.087	0.472	0	0	0	0	0	0.394	NA	NA	0	0	NA	NA	NA	NA	NA	GM1	10.04	2.84	8	NA	NA	NA	NA	NA	NA	NA	NA	NA	NA	NA	NA	NA	NA	NA	NA	NA	NA	NA	NA	NA	NA	NA	NA	2773	NA	NA	NA	NA	NA	NA	3	2	32	NA	NA	-0.115793	1.266
1	10008	A	G	SNV	0	Intergenic	DOWNSTREAM	1	downstream	0.456	0.009	1	ENSM00529079543	0	0.017	NA	NA	ENSG00000227232	ENST00000438504	WASH7P	NA	NA	NA	NA	NA	NA	NA	NA	NA	NA	NA	NA	1862	3663	NA	NA	NA	NA	NA	NA	NA	NA	NA	NA	994	NA	NA	NA	NA	0.008	0	0	0	0.016	0	0.024	0.087	0.472	0	0	0	0	0	0.394	NA	NA	0	0	NA	NA	NA	NA	NA	GM1	10.04	2.84	8	NA	NA	NA	NA	NA	NA	NA	NA	NA	NA	NA	NA	NA	NA	NA	NA	NA	NA	NA	NA	NA	NA	NA	NA	2773	NA	NA	NA	NA	NA	NA	3	2	32	NA	NA	0.103944	4.327
1	10008	A	G	SNV	0	Intergenic	UPSTREAM	1	upstream	0.456	0.009	1	ENSM00529079543	0	0.017	NA	NA	ENSG00000223972	ENST00000456328	DDX11L1	NA	NA	NA	NA	NA	NA	NA	NA	NA	NA	NA	NA	1862	3663	NA	NA	NA	NA	NA	NA	NA	NA	NA	NA	994	NA	NA	NA	NA	0.008	0	0	0	0.016	0	0.024	0.087	0.472	0	0	0	0	0	0.394	NA	NA	0	0	NA	NA	NA	NA	NA	GM1	10.04	2.84	8	NA	NA	NA	NA	NA	NA	NA	NA	NA	NA	NA	NA	NA	NA	NA	NA	NA	NA	NA	NA	NA	NA	NA	NA	2773	NA	NA	NA	NA	NA	NA	3	2	32	NA	NA	0.103944	4.327
1	10008	A	G	SNV	0	RegulatoryFeature	REGULATORY	4	regulatory	0.456	0.009	1	ENSM00529079543	0	0.017	NA	NA	NA	ENSR00000344266	NA	NA	NA	NA	NA	NA	NA	NA	NA	NA	NA	NA	NA	1862	3663	NA	NA	NA	NA	NA	NA	NA	NA	NA	NA	994	NA	NA	NA	NA	0.008	0	0	0	0.016	0	0.024	0.087	0.472	0	0	0	0	0	0.394	NA	NA	0	0	NA	NA	NA	NA	NA	GM1	10.04	2.84	8	NA	NA	NA	NA	NA	NA	NA	NA	NA	NA	NA	NA	NA	NA	NA	NA	NA	NA	NA	NA	NA	NA	NA	NA	2773	NA	NA	NA	NA	NA	NA	3	2	32	NA	NA	0.103944	4.327
1	10039	A	AC	INS	1	Intergenic	DOWNSTREAM	1	downstream	0.478	0.005	NA	NA	NA	NA	NA	NA	ENSG00000227232	ENST00000438504	WASH7P	NA	NA	NA	NA	NA	NA	NA	NA	NA	NA	NA	NA	1830	3631	NA	NA	NA	NA	NA	NA	NA	NA	NA	NA	994	NA	NA	NA	NA	0.008	0	0	0	0.016	0	0.024	0.087	0.472	0	0	0	0	0	0.394	NA	NA	0	0	NA	NA	NA	NA	NA	GM1	14.56	4	9.32	NA	NA	3	1.63	0	2.45	0	0	0	0.0041	0.0225	0.0009	0.0029	0.0389	NA	NA	NA	NA	NA	NA	NA	NA	NA	NA	2773	NA	NA	NA	NA	NA	NA	3	2	32	NA	NA	-0.098341	1.422
1	10039	A	AC	INS	1	Intergenic	UPSTREAM	1	upstream	0.478	0.005	NA	NA	NA	NA	NA	NA	ENSG00000223972	ENST00000456328	DDX11L1	NA	NA	NA	NA	NA	NA	NA	NA	NA	NA	NA	NA	1830	3631	NA	NA	NA	NA	NA	NA	NA	NA	NA	NA	994	NA	NA	NA	NA	0.008	0	0	0	0.016	0	0.024	0.087	0.472	0	0	0	0	0	0.394	NA	NA	0	0	NA	NA	NA	NA	NA	GM1	14.56	4	9.32	NA	NA	3	1.63	0	2.45	0	0	0	0.0041	0.0225	0.0009	0.0029	0.0389	NA	NA	NA	NA	NA	NA	NA	NA	NA	NA	2773	NA	NA	NA	NA	NA	NA	3	2	32	NA	NA	-0.098341	1.422
1	10039	A	AC	INS	1	RegulatoryFeature	REGULATORY	4	regulatory	0.478	0.005	NA	NA	NA	NA	NA	NA	NA	ENSR00000344266	NA	NA	NA	NA	NA	NA	NA	NA	NA	NA	NA	NA	NA	1830	3631	NA	NA	NA	NA	NA	NA	NA	NA	NA	NA	994	NA	NA	NA	NA	0.008	0	0	0	0.016	0	0.024	0.087	0.472	0	0	0	0	0	0.394	NA	NA	0	0	NA	NA	NA	NA	NA	GM1	14.56	4	9.32	NA	NA	3	1.63	0	2.45	0	0	0	0.0041	0.0225	0.0009	0.0029	0.0389	NA	NA	NA	NA	NA	NA	NA	NA	NA	NA	2773	NA	NA	NA	NA	NA	NA	3	2	32	NA	NA	-0.098341	1.422
1	10105	ACCC	A	DEL	3	Intergenic	DOWNSTREAM	1	downstream	0.497	0	2	ENSM00522485561	0	NA	NA	NA	ENSG00000227232	ENST00000438504	WASH7P	NA	NA	NA	NA	NA	NA	NA	NA	NA	NA	NA	NA	1764	3565	NA	NA	NA	NA	NA	NA	NA	NA	NA	NA	994	NA	NA	NA	NA	0.008	0	0	0	0.016	0	0.024	0.087	0.472	0	0	0	0	0	0.394	NA	NA	0	0	1	1	21.6463	NA	NA	E/GM	22.24	5	13.72	NA	NA	3	1.63	0	2.45	0	0	0	0.0041	0.0225	0.0009	0.0029	0.0389	NA	NA	NA	NA	NA	NA	NA	NA	NA	NA	2773	NA	NA	NA	NA	NA	NA	3	2	33	NA	NA	-0.109596	1.319
1	10105	ACCC	A	DEL	3	Intergenic	UPSTREAM	1	upstream	0.497	0	2	ENSM00522485561	0	NA	NA	NA	ENSG00000223972	ENST00000456328	DDX11L1	NA	NA	NA	NA	NA	NA	NA	NA	NA	NA	NA	NA	1764	3565	NA	NA	NA	NA	NA	NA	NA	NA	NA	NA	994	NA	NA	NA	NA	0.008	0	0	0	0.016	0	0.024	0.087	0.472	0	0	0	0	0	0.394	NA	NA	0	0	1	1	21.6463	NA	NA	E/GM	22.24	5	13.72	NA	NA	3	1.63	0	2.45	0	0	0	0.0041	0.0225	0.0009	0.0029	0.0389	NA	NA	NA	NA	NA	NA	NA	NA	NA	NA	2773	NA	NA	NA	NA	NA	NA	3	2	33	NA	NA	-0.109596	1.319
1	10105	ACCC	A	DEL	3	RegulatoryFeature	REGULATORY	4	regulatory	0.497	0	2	ENSM00522485561	0	NA	NA	NA	NA	ENSR00000344266	NA	NA	NA	NA	NA	NA	NA	NA	NA	NA	NA	NA	NA	1764	3565	NA	NA	NA	NA	NA	NA	NA	NA	NA	NA	994	NA	NA	NA	NA	0.008	0	0	0	0.016	0	0.024	0.087	0.472	0	0	0	0	0	0.394	NA	NA	0	0	1	1	21.6463	NA	NA	E/GM	22.24	5	13.72	NA	NA	3	1.63	0	2.45	0	0	0	0.0041	0.0225	0.0009	0.0029	0.0389	NA	NA	NA	NA	NA	NA	NA	NA	NA	NA	2773	NA	NA	NA	NA	NA	NA	3	2	33	NA	NA	-0.109596	1.319
